{"rvsitebuilderinstaller\/cpanelplugin":{"product":"rvsitebuilderinstaller","package":"cpanelplugin","tier":"stable","version":"1.0.42","sha512":"8bee0499ae39aab04f451eaf78428c158bb3cb704ff7792173c070e14711f0b4fb39cf45dd68e01460e727718885073da7114342d9973a26b6b6e4d7784e8b27","desc":""},"rvsitebuilderinstaller\/setup":{"product":"rvsitebuilderinstaller","package":"setup","tier":"stable","version":"1.0.15","sha512":"6e37290eab3d5d46b89987e94ead19d6d4613ced1285e65b8e62bcfecbf553fc42780693ddc3f4ae42b9841851f472a9e7de4d1d0282042ffc44708cd3729ac0","desc":""},"rvsitebuilderinstaller\/install":{"product":"rvsitebuilderinstaller","package":"install","tier":"stable","version":"1.0.49","sha512":"a62351ed20de72e542a253acd05a6ccfda3629484461da28ea6b285abc65d117f1887b07cde11217a3415571e17d3850ad0c4ba9c39a73340a47d43a34aa85d9","desc":""},"rvsitebuilder\/scheduler":{"product":"rvsitebuilder","package":"scheduler","tier":"stable","version":"7.4.35","sha512":"13f94f1f8df5e5ff2d271472d1bc0487000d1d25a497e81c4fdaa7cbe38b6264b573e4ce7bd28d3900c15b911e4d87aac77e7f2e8c8267a31c236629b4d05ff3","desc":""},"rvsitebuilder\/queuesharedhost":{"product":"rvsitebuilder","package":"queuesharedhost","tier":"stable","version":"7.4.35","sha512":"132c01c8e9e1b6a38fbfbdf54ff66d175a3bff0b75e06e4b571178bac4748971bcc5b1840dced02bdb7a4e209ff2581eda7fe296866130189573e1efb566dee0","desc":""},"rvsitebuilder\/email":{"product":"rvsitebuilder","package":"email","tier":"stable","version":"7.4.35","sha512":"f8c38100e2418e3703001d19230bf246bdb382527550a076a34ca606dddb6cccf913fc3005f18343cffb8ace2afcc0ecffe8b2461cebf039ae557c8b80ebaa7c","desc":""},"rvsitebuilder\/framework":{"product":"rvsitebuilder","package":"framework","tier":"stable","version":"7.4.35","sha512":"72b0eb3aa55240c4034c43508f828e536b7c48e614eaf73ede737f2e1fa7559e13dfb08b5d0b8d4808bbf2b9d5fe9adfde4f521de695102ffd163753bb787ece","desc":""},"rvsitebuilder\/core":{"product":"rvsitebuilder","package":"core","tier":"stable","version":"7.4.35","sha512":"9a2269e5c1b82d194479069e62b076d8aac38b40c1a728c64102bf05ff28d48424e85dc01d216e1cf640a223e730fd3e6c0605ae8bcd62ab31d0a25fb3fb2e1d","desc":""},"rvsitebuilder\/blog":{"product":"rvsitebuilder","package":"blog","tier":"stable","version":"7.4.35","sha512":"ebc69310754a29a308bc4011146515a00ccbfbdd38dc332447008c49749a47c1977bbacc5e203023b5a56ac9add7eb7ffd0aee214c69417b2fab7e1c77f7ad21","desc":""},"rvsitebuilder\/manage":{"product":"rvsitebuilder","package":"manage","tier":"stable","version":"7.4.35","sha512":"ad8ceb1bc17c5fde05d0ba19a3127d1b7450360e466d81dfa62c87b45d0018da0efea1d08a46d6e4f4ea36a7847d630593ce31cdb9767369420acd38ad315be8","desc":""},"rvsitebuilder\/wysiwyg":{"product":"rvsitebuilder","package":"wysiwyg","tier":"stable","version":"7.4.35","sha512":"5cde00b8bf0936af53d4484613a429faecf67105cf50a56e5d77677b4324ed5dc9d9519dcac34c2638968a00189835fb175d36a23b15a5fb788c15eff02fb9ac","desc":""},"rvsitebuilderedge\/blog":{"product":"rvsitebuilderedge","package":"blog","tier":"stable","version":"1.0.0","sha512":"3e26ef35fbeb942098f1b2be21ca1f2354c5c1b80903d9aab08944a6569391c45dc71e6022cc5aa506dbfe7e1216d5529f9f8f6df24cb56446cd4e2fe7e02189","desc":""},"rvsitebuilder\/qrcodemanager":{"product":"rvsitebuilder","package":"qrcodemanager","tier":"stable","version":"1.0.5","sha512":"1b3118601cb8ac5e8096ad7a297d35da20be2ffbde58d918075deb22eae256f4606123a7dabbdc1faaab8fa89e81608ce61defe90360c7fcf0c764582fc2907e","desc":""},"rvsitebuilder\/marketing":{"product":"rvsitebuilder","package":"marketing","tier":"stable","version":"1.0.13","sha512":"b361b7e6d81ae6238f93d864a9455aa4b58b8b7d78b2a3eb29faa7c8d650c399fa4b0a7a610a8542f907568f52d5f4dafa01a96bda8bb09fca0fc533c14141ee","desc":""},"rvsitebuilder\/tryout":{"product":"rvsitebuilder","package":"tryout","tier":"stable","version":"1.0.6","sha512":"dba35310c2931a29528c609aeb9fc348d516cf64cb8ed328bef38c26d1d4fe7669f943dc5bf032c5d0d7bc800704aefe34bbca04ef1ee6b226d003d824599e1b","desc":""},"rvsitebuilder\/developer":{"product":"rvsitebuilder","package":"developer","tier":"stable","version":"1.0.14","sha512":"bd8dd3a90ef2f55fc2a72c008f8a41a8dbce8981948dab05d23c26134050f9dc4dce8c2a5cee1e83bc7a764d823a63f199ee69037ca91b4d5d42262fd208fa24","desc":""},"rvsitebuilder\/filemanager":{"product":"rvsitebuilder","package":"filemanager","tier":"stable","version":"1.0.11","sha512":"412d1de2b6328ef2957b56578a488e43d113dc7c2923da6e31811bc402ccdc85f65c4f6b30574e2fa41301b66a75ca10701e57e5be3744e79ef5afeec7cdabe3","desc":""},"rvsitebuilder\/marketplace":{"product":"rvsitebuilder","package":"marketplace","tier":"stable","version":"1.0.3","sha512":"338f10626384239f975a6e6bb90988006a75656457a552e2efe7d52b2454c677c3a0f8e3f86ea0e99cf387c40fdbe91c40792e339a0787f186db776615751201","desc":""},"rvsitebuilder\/manageupdatelib":{"product":"rvsitebuilder","package":"manageupdatelib","tier":"stable","version":"1.0.7","sha512":"b633a747215951d67aba7bcfb548ecc6e2a423fa44a8816b38474337460197419aefe3670e623fd0c078ccde06c7485bb61952bbc7f6f6e7fb80d71190c8fbc1","desc":""},"rvsitebuilder\/laravelsitemap":{"product":"rvsitebuilder","package":"laravelsitemap","tier":"stable","version":"1.0.7","sha512":"92051cba099cf235d33c51ca82f4a79a005a8deb619e158959babdcf4ba97dca5f7a80d7d3a5adeb5c33e53aacbcd54c6c61d9fe2379e8274c1643fcc2f24d5a","desc":""},"rvsitebuilder\/larecipe":{"product":"rvsitebuilder","package":"larecipe","tier":"stable","version":"1.0.12","sha512":"3a473caae8e5a116ca8e83962b262304c30b7375519f49a17bf68ea2762265e6f02e6d24039832293e5b05712137f914dcd606e34751055a0430a24ff3aa9b88","desc":""},"rvsitebuilder\/instagramimage":{"product":"rvsitebuilder","package":"instagramimage","tier":"stable","version":"1.0.6","sha512":"0bcf6a6921dbd0a034abbc2709b78baab68d7253f2f56424d3907d71d96296244b6c004713b1e55dd509876eb444473b4951a9948b3a69d71080cfd7d7bcd494","desc":""},"rvsitebuilder\/weather":{"product":"rvsitebuilder","package":"weather","tier":"stable","version":"1.0.1","sha512":"22ddd5c95e22dee5780477f5baaf2e47e8fd91a75afc07baa7d68a599625ae929ea29529401303005a836f5a0dd2245210e706c38b4c100bfdbf9a2895a833ef","desc":""},"rvsitebuilderedge\/framework":{"product":"rvsitebuilderedge","package":"framework","tier":"stable","version":"1.0.0","sha512":"963712d4ad326d7db7a95db2bcace529104de9c0e6958981ceba1ed4bff01db28d417e25dcd7f526ec8acd6e5e6cbccf596cac484f41f3dc85bb12aa70aafc87","desc":""},"rvsitebuilderedge\/core":{"product":"rvsitebuilderedge","package":"core","tier":"stable","version":"1.0.0","sha512":"8bf98f1bc6a4a0a6fdf14969287f278003aab62f4f2fefb193738d0a817399f099daaf777f7b9dd6a7efb670b86dd68f122acd31bb1a51ec3f3bdeb8d322418e","desc":""},"rvsitebuilderedge\/wysiwyg":{"product":"rvsitebuilderedge","package":"wysiwyg","tier":"stable","version":"1.0.0","sha512":"3a79868c473972449e08f9b4202dcb5a8964ef480f526e87b775f2314fee782cfcfcd6e974a705b9b52bb973b331d9ff766789138a75f8b0a4da9b9dbea058d7","desc":""},"rvsitebuilderedge\/scheduler":{"product":"rvsitebuilderedge","package":"scheduler","tier":"stable","version":"1.0.0","sha512":"6e0440a4715f886a56ff99e284a5dbf1375fa5755035ca4366c6e6fecaa2822c319b06dec18ba6a37caa2df61711eedb8d3c962600a01e8f962fcb690dd27fbe","desc":""},"rvsitebuilderedge\/queuesharedhost":{"product":"rvsitebuilderedge","package":"queuesharedhost","tier":"stable","version":"1.0.0","sha512":"1c1edcc8b728a70c7ff11141e70ed6635061cc823676e65b590122b496811e71a770ee4469944653ee8a16d1764967310f8024d525de137c2fc4e9cbdac0ae8b","desc":""},"rvsitebuilderedge\/marketing":{"product":"rvsitebuilderedge","package":"marketing","tier":"stable","version":"1.0.0","sha512":"dfae5a5809393c213e23174d687bf80fe1f0a64d54a097c7755fd51e9e95f9e9475b7c55746de306b43733b04e31e6ca2299715057804b17ac0947a330126d89","desc":""},"rvsitebuilderedge\/manageupdatelib":{"product":"rvsitebuilderedge","package":"manageupdatelib","tier":"stable","version":"1.0.0","sha512":"6fdf901db7978685b7417a9d0d74f2ee8d6441eed246dc92bcfb613bf5bfee889808716c20ddcff2f1db8b45857eb0c04925f0318ebd41081a105fbb89911701","desc":""},"rvsitebuilderedge\/manage":{"product":"rvsitebuilderedge","package":"manage","tier":"stable","version":"1.0.0","sha512":"7d3bdd97763b552c86088dbc4ad4567eb300104043ee173635a88f2d8082f3daf3de3e2672198e556fe926ccbe337690445a03e2f3b578e814fac996db51eaf6","desc":""},"rvsitebuilderedge\/email":{"product":"rvsitebuilderedge","package":"email","tier":"stable","version":"1.0.0","sha512":"d3ff20417536e83f956094b766d8bca16bde4611d9c0014d242ef42be42f73953f7cffec1f12d8e934dfcdfb63d47a2d5fdfdded2d4099ec458abc4bde2607d0","desc":""},"rvsitebuilderedge\/tryout":{"product":"rvsitebuilderedge","package":"tryout","tier":"stable","version":"1.0.0","sha512":"99c4c85a647f85a5919ca81801c452bd1f61fa9fd2e30b4d0de9497d874c2c3fe1f5988fc6a1ca4fb6b7a84f02a1be2a9b64bd305576d725ebf109cf23d66dec","desc":""},"rvsitebuilderedge\/developer":{"product":"rvsitebuilderedge","package":"developer","tier":"stable","version":"1.0.0","sha512":"7bac9f2d429b481af1dc58c3b28609a6c95584f29aee13e8aa09e96a43c7160e406882d0ed4093ab721debd7125e8bea95f754e13d0cd569517e838553677279","desc":""},"rvsitebuilderedge\/filemanager":{"product":"rvsitebuilderedge","package":"filemanager","tier":"stable","version":"1.0.0","sha512":"6dbfe2be355742f931ba6db6a37cc92c4e24c3a181da0ca6b769d4b6029afb694b7ba63316e5225f789690491f6bf8471f2d0f2ab33a2ef2ce2a5b0b6e358ca1","desc":""},"rvsitebuilderedge\/laravelsitemap":{"product":"rvsitebuilderedge","package":"laravelsitemap","tier":"stable","version":"1.0.0","sha512":"1ae884f39995f5c4e5fc01a27b44c4856f76ffe1e8aea4ea67abab30d6d94f3a5263984b1c1568bb14ae8acbd68cbbb795ed9c807a9c28032d9473333286b45d","desc":""},"rvsitebuilderedge\/larecipe":{"product":"rvsitebuilderedge","package":"larecipe","tier":"stable","version":"1.0.0","sha512":"e9919d70553cfe44a16c46f1acbe42d17d9b5cd56ea3f56bad08acb44f27d508f7c988dac89d3e9a69f9050c8b04689a566ec0a6a0496835be76e50aef240a40","desc":""},"rvsitebuilderedge\/instagramimage":{"product":"rvsitebuilderedge","package":"instagramimage","tier":"stable","version":"1.0.0","sha512":"982d352839bf3b584085797e07af77b18c5fd282edbe2f1eea91221f90e9b0f0cbff130331aac78d58ee5f344fb6e29b268f9192b4fa9124da24e0914897da82","desc":""},"rvsitebuilderedge\/qrcodemanager":{"product":"rvsitebuilderedge","package":"qrcodemanager","tier":"stable","version":"1.0.0","sha512":"b4c269a80a54051e777f91c11bf618406ce18cfb08c0db270f070e1f22b81b4b29883e8264c9c326aa251025e4ae2a54ef61d1479cbaa24125c4c7da25238a8e","desc":""},"rvsitebuilderedge\/weather":{"product":"rvsitebuilderedge","package":"weather","tier":"stable","version":"1.0.0","sha512":"c6cc59bf33c7a5f77d66e10350a17c5716ac7e2fa4d7c22b32b96168542e47894eec21ee8868cfcfb04b9bb39b562907d20c28e77dc48ad0d1c654d442dd0854","desc":""}}